[{"mButton":"NumButtons","mKeyCode":"None","mAction":"Plan1","mModifier":"None"},{"mButton":"NumButtons","mKeyCode":"None","mAction":"Plan2","mModifier":"None"},{"mButton":"NumButtons","mKeyCode":"None","mAction":"Plan3","mModifier":"None"},{"mButton":"NumButtons","mKeyCode":"None","mAction":"Plan4","mModifier":"None"},{"mButton":"NumButtons","mKeyCode":"None","mAction":"Plan5","mModifier":"None"},{"mButton":"NumButtons","mKeyCode":"Alpha1","mAction":"Overlay1","mModifier":"None"},{"mButton":"NumButtons","mKeyCode":"Alpha2","mAction":"Overlay2","mModifier":"None"},{"mButton":"NumButtons","mKeyCode":"Alpha3","mAction":"Overlay3","mModifier":"None"},{"mButton":"NumButtons","mKeyCode":"Alpha4","mAction":"Overlay4","mModifier":"None"},{"mButton":"NumButtons","mKeyCode":"Alpha5","mAction":"Overlay5","mModifier":"None"}]